{"cameraMode":{"drawMode":0,"name":"Shaded","section":"Shading Mode"},"sceneLighting":true,"audioPlay":false,"sceneViewState":{"showFog":true,"showMaterialUpdate":true,"showSkybox":false,"showFlares":true,"showImageEffects":true,"showParticleSystems":true},"in2DMode":false,"pivot":{"x":-5.727193832397461,"y":-11.218775749206543,"z":9.94089126586914},"rotation":{"x":0.4237973690032959,"y":0.0870799645781517,"z":-0.04097206890583038,"w":0.9006459712982178},"size":25.542264938354493,"orthographic":false}